"TPL_FAMILY","TPL_ORDER","APGIII_NUMBER"
"Abietaceae","Pinales",NA
"Abolbodaceae","Poales",NA
"Abrophyllaceae","Asterales",NA
"Acaciaceae","Fabales",NA
"Acalyphaceae","Malpighiales",NA
"Acanthaceae","Lamiales",378
"Acanthochlamydaceae","Pandanales",NA
"Acarnaceae","Asterales",NA
"Aceraceae","Sapindales",NA
"Achariaceae","Malpighiales",204
"Achatocarpaceae","Caryophyllales",297
"Achradaceae","Ericales",NA
"Achyranthaceae","Caryophyllales",NA
"Acmopylaceae","Pinales",NA
"Aconitaceae","Ranunculales",NA
"Acoraceae","Acorales",29
"Acristaceae","Arecales",NA
"Actaeaceae","Ranunculales",NA
"Actinidiaceae","Ericales",340
"Actinotaceae","Apiales",NA
"Adenogrammaceae","Caryophyllales",NA
"Adoxaceae","Dipsacales",405
"Aegialitidaceae","Caryophyllales",NA
"Aegicerataceae","Ericales",NA
"Aegilopaceae","Poales",NA
"Aeginetiaceae","Lamiales",NA
"Aegiphilaceae","Lamiales",NA
"Aesculaceae","Sapindales",NA
"Aextoxicaceae","Berberidopsidales",274
"Agapanthaceae","Asparagales",NA
"Agavaceae","Asparagales",NA
"Agdestidaceae","Caryophyllales",NA
"Agialidaceae","Zygophyllales",NA
"Agrimoniaceae","Rosales",NA
"Agrostidaceae","Poales",NA
"Ailanthaceae","Sapindales",NA
"Aitoniaceae","Sapindales",NA
"Aizoaceae","Caryophyllales",304
"Ajugaceae","Lamiales",NA
"Akaniaceae","Brassicales",257
"Alangiaceae","Cornales",NA
"Alchemillaceae","Rosales",NA
"Aldrovandaceae","Caryophyllales",NA
"Alismataceae","Alismatales",32
"Alliaceae","Asparagales",NA
"Allioniaceae","Caryophyllales",NA
"Allophylaceae","Sapindales",NA
"Aloaceae","Asparagales",NA
"Alopecuraceae","Poales",NA
"Alpiniaceae","Zingiberales",NA
"Alseuosmiaceae","Asterales",394
"Alsinaceae","Caryophyllales",NA
"Alsodeiaceae","Malpighiales",NA
"Alstroemeriaceae","Liliales",55
"Altingiaceae","Saxifragales",127
"Alzateaceae","Myrtales",225
"Amaranthaceae","Caryophyllales",298
"Amaryllidaceae","Asparagales",74
"Amborellaceae","Amborellales",1
"Ambrosiaceae","Asterales",NA
"Amentotaxaceae","Pinales",NA
"Ammanniaceae","Myrtales",NA
"Ammiaceae","Apiales",NA
"Amomaceae","Zingiberales",NA
"Ampelidopsaceae","Vitales",NA
"Amphorogynaceae","Santalales",NA
"Amygdalaceae","Rosales",NA
"Amyridaceae","Sapindales",NA
"Anacampserotaceae","Caryophyllales",315
"Anacardiaceae","Sapindales",239
"Anagallidaceae","Ericales",NA
"Anarthriaceae","Poales",100
"Anchusaceae","Boraginales",NA
"Ancistrocladaceae","Caryophyllales",291
"Andromedaceae","Ericales",NA
"Andropogonaceae","Poales",NA
"Androstachyaceae","Malpighiales",NA
"Androsynaceae","Asparagales",NA
"Anemarrhenaceae","Asparagales",NA
"Anemonaceae","Ranunculales",NA
"Angelicaceae","Apiales",NA
"Anisophylleaceae","Cucurbitales",164
"Annonaceae","Magnoliales",21
"Anomochloaceae","Poales",NA
"Anopteraceae","Escalloniales",NA
"Anrederaceae","Caryophyllales",NA
"Anthemidaceae","Asterales",NA
"Anthericaceae","Asparagales",NA
"Anthobolaceae","Santalales",NA
"Anthoxanthaceae","Poales",NA
"Antidesmataceae","Malpighiales",NA
"Antirrhinaceae","Lamiales",NA
"Antoniaceae","Gentianales",NA
"Aparinaceae","Gentianales",NA
"Aphanopetalaceae","Saxifragales",135
"Aphloiaceae","Crossosomatales",227
"Aphyllanthaceae","Asparagales",NA
"Apiaceae","Apiales",413
"Apocynaceae","Gentianales",354
"Apodanthaceae","Cucurbitales",163
"Aponogetonaceae","Alismatales",36
"Aporusaceae","Malpighiales",NA
"Aposeridaceae","Asterales",NA
"Apostasiaceae","Asparagales",NA
"Aptandraceae","Santalales",NA
"Aquifoliaceae","Aquifoliales",389
"Aquilariaceae","Malvales",NA
"Aquilegiaceae","Ranunculales",NA
"Arabidaceae","Brassicales",NA
"Araceae","Alismatales",30
"Aragoaceae","Lamiales",NA
"Araliaceae","Apiales",411
"Aralidiaceae","Apiales",NA
"Araucariaceae","Pinales",NA
"Arbutaceae","Ericales",NA
"Arceuthidaceae","Pinales",NA
"Arceuthobiaceae","Santalales",NA
"Arctostaphylaceae","Ericales",NA
"Arctotidaceae","Asterales",NA
"Ardisiaceae","Ericales",NA
"Arecaceae","Arecales",76
"Argophyllaceae","Asterales",396
"Arisaraceae","Alismatales",NA
"Aristolochiaceae","Piperales",15
"Aristoteliaceae","Oxalidales",NA
"Arjonaceae","Santalales",NA
"Armeriaceae","Caryophyllales",NA
"Artemisiaceae","Asterales",NA
"Arthrotaxidaceae","Pinales",NA
"Artocarpaceae","Rosales",NA
"Arundinaceae","Poales",NA
"Arundinellaceae","Poales",NA
"Asaraceae","Piperales",NA
"Asclepiadaceae","Gentianales",NA
"Ascyraceae","Malpighiales",NA
"Aspalathaceae","Fabales",NA
"Asparagaceae","Asparagales",75
"Asperellaceae","Poales",NA
"Asperulaceae","Gentianales",NA
"Asphodelaceae","Asparagales",NA
"Aspidistraceae","Asparagales",NA
"Asteliaceae","Asparagales",65
"Asteraceae","Asterales",400
"Asteranthaceae","Ericales",NA
"Asteropeiaceae","Caryophyllales",295
"Astragalaceae","Fabales",NA
"Astrocarpaceae","Brassicales",NA
"Athanasiaceae","Asterales",NA
"Atherospermataceae","Laurales",25
"Atriplicaceae","Caryophyllales",NA
"Atropaceae","Solanales",NA
"Aucubaceae","Garryales",NA
"Aurantiaceae","Sapindales",NA
"Austrobaileyaceae","Austrobaileyales",5
"Austrotaxaceae","Pinales",NA
"Avenaceae","Poales",NA
"Averrhoaceae","Oxalidales",NA
"Avetraceae","Dioscoreales",NA
"Avicenniaceae","Lamiales",NA
"Azaleaceae","Ericales",NA
"Azimaceae","Brassicales",NA
"Baeckeaceae","Myrtales",NA
"Balanitaceae","Zygophyllales",NA
"Balanopaceae","Malpighiales",192
"Balanophoraceae","Santalales",276
"Balsameaceae","Sapindales",NA
"Balsaminaceae","Ericales",323
"Bambusaceae","Poales",NA
"Barbaceniaceae","Pandanales",NA
"Barbeuiaceae","Caryophyllales",302
"Barbeyaceae","Rosales",148
"Barclayaceae","Nymphaeales",NA
"Barringtoniaceae","Ericales",NA
"Basellaceae","Caryophyllales",311
"Bataceae","Brassicales",264
"Baueraceae","Oxalidales",NA
"Bauhiniaceae","Fabales",NA
"Baxteriaceae","unplacedCommelinid",NA
"Begoniaceae","Cucurbitales",170
"Behniaceae","Asparagales",NA
"Belangeraceae","Oxalidales",NA
"Belloniaceae","Lamiales",NA
"Bembiciaceae","Malpighiales",NA
"Berberidaceae","Ranunculales",113
"Berberidopsidaceae","Berberidopsidales",275
"Berryaceae","Malvales",NA
"Bersamaceae","Geraniales",NA
"Bertyaceae","Malpighiales",NA
"Berzeliaceae","Bruniales",NA
"Besleriaceae","Lamiales",NA
"Betaceae","Caryophyllales",NA
"Betulaceae","Fagales",162
"Biebersteiniaceae","Sapindales",235
"Bifariaceae","Santalales",NA
"Bignoniaceae","Lamiales",379
"Bischofiaceae","Malpighiales",NA
"Bixaceae","Malvales",253
"Blakeaceae","Myrtales",NA
"Blandfordiaceae","Asparagales",64
"Blattiaceae","Myrtales",NA
"Blepharocaryaceae","Sapindales",NA
"Blitaceae","Caryophyllales",NA
"Blyxaceae","Alismatales",NA
"Boerlagellaceae","Ericales",NA
"Bogutchanthaceae","fossil_Hamamelidales",NA
"Bolivaraceae","Lamiales",NA
"Bombacaceae","Malvales",NA
"Bonnetiaceae","Malpighiales",212
"Bontiaceae","Lamiales",NA
"Boopidaceae","Asterales",NA
"Boraginaceae","Boraginales",356
"Borassaceae","Arecales",NA
"Boroniaceae","Sapindales",NA
"Borthwickiaceae","Brassicales",NA
"Boryaceae","Asparagales",63
"Botryodendraceae","Apiales",NA
"Bougainvilleaceae","Caryophyllales",NA
"Boweniaceae","Cycadales",NA
"Brachycaulaceae","Saxifragales",NA
"Brassicaceae","Brassicales",273
"Bretschneideraceae","Brassicales",NA
"Brexiaceae","Celastrales",NA
"Bromaceae","Poales",NA
"Bromeliaceae","Poales",92
"Browalliaceae","Solanales",NA
"Brownlowiaceae","Malvales",NA
"Brunelliaceae","Oxalidales",179
"Bruniaceae","Bruniales",403
"Brunoniaceae","Asterales",NA
"Brunsvigiaceae","Asparagales",NA
"Bryoniaceae","Cucurbitales",NA
"Buchneraceae","Lamiales",NA
"Bucidaceae","Myrtales",NA
"Buddlejaceae","Lamiales",NA
"Buglossaceae","Boraginales",NA
"Bulbocodiaceae","Liliales",NA
"Bumeliaceae","Ericales",NA
"Bupleuraceae","Apiales",NA
"Burchardiaceae","Liliales",NA
"Burmanniaceae","Dioscoreales",45
"Burseraceae","Sapindales",238
"Butneriaceae","Laurales",NA
"Butomaceae","Alismatales",33
"Buxaceae","Buxales",121
"Byblidaceae","Lamiales",383
"Byttneriaceae","Malvales",NA
"Cabombaceae","Nymphaeales",3
"Cacaoaceae","Malvales",NA
"Cactaceae","Caryophyllales",316
"Caesalpiniaceae","Fabales",NA
"Caladiaceae","Alismatales",NA
"Calamaceae","Arecales",NA
"Calceolariaceae","Lamiales",366
"Calectasiaceae","unplacedCommelinid",NA
"Calendulaceae","Asterales",NA
"Callaceae","Alismatales",NA
"Callicomaceae","Oxalidales",NA
"Calligonaceae","Caryophyllales",NA
"Callitraceae","Pinales",NA
"Callitrichaceae","Lamiales",NA
"Calochortaceae","Liliales",NA
"Calophyllaceae","Malpighiales",210
"Calthaceae","Ranunculales",NA
"Calycanthaceae","Laurales",22
"Calyceraceae","Asterales",399
"Cambogiaceae","Malpighiales",NA
"Camelliaceae","Ericales",NA
"Campanulaceae","Asterales",391
"Campynemataceae","Liliales",52
"Canacomyricaceae","Fagales",NA
"Canellaceae","Canellales",9
"Cannabaceae","Rosales",153
"Cannaceae","Zingiberales",86
"Canopodaceae","Santalales",NA
"Canotiaceae","Celastrales",NA
"Cansjeraceae","Santalales",NA
"Capparaceae","Brassicales",271
"Caprariaceae","Lamiales",NA
"Caprifoliaceae","Dipsacales",406
"Cardiopteridaceae","Aquifoliales",386
"Carduaceae","Asterales",NA
"Caricaceae","Brassicales",260
"Carissaceae","Gentianales",NA
"Carlemanniaceae","Lamiales",363
"Carlinaceae","Asterales",NA
"Carpinaceae","Fagales",NA
"Carpodetaceae","Asterales",NA
"Cartonemataceae","Commelinales",NA
"Caryocaraceae","Malpighiales",205
"Caryophyllaceae","Caryophyllales",296
"Cassiaceae","Fabales",NA
"Cassipoureaceae","Malpighiales",NA
"Cassythaceae","Laurales",NA
"Castaneaceae","Fagales",NA
"Castelaceae","Sapindales",NA
"Casuarinaceae","Fagales",160
"Catesbaeaceae","Gentianales",NA
"Cathedraceae","Santalales",NA
"Caucaulidaceae","Apiales",NA
"Cecropiaceae","Rosales",NA
"Cedraceae","Pinales",NA
"Cedrelaceae","Sapindales",NA
"Celastraceae","Celastrales",172
"Celosiaceae","Caryophyllales",NA
"Celtidaceae","Rosales",NA
"Centaureaceae","Asterales",NA
"Centrolepidaceae","Poales",101
"Centroplacaceae","Malpighiales",185
"Cepaceae","Asparagales",NA
"Cephalanthaceae","Gentianales",NA
"Cephalotaceae","Oxalidales",178
"Cephalotaxaceae","Pinales",NA
"Cerastiaceae","Caryophyllales",NA
"Ceratoniaceae","Fabales",NA
"Ceratophyllaceae","Ceratophyllales",107
"Cerberaceae","Gentianales",NA
"Cercidiphyllaceae","Saxifragales",129
"Cercocarpaceae","Rosales",NA
"Cercodiaceae","Saxifragales",NA
"Cereaceae","Caryophyllales",NA
"Cerinthaceae","Boraginales",NA
"Ceroxylaceae","Arecales",NA
"Cervantesiaceae","Santalales",NA
"Cestraceae","Solanales",NA
"Cevalliaceae","Cornales",NA
"Chaeturaceae","Poales",NA
"Chailletiaceae","Malpighiales",NA
"Chamaedoraceae","Arecales",NA
"Chamaemoraceae","Rosales",NA
"Chamelauciaceae","Myrtales",NA
"Chaunochitonaceae","Santalales",NA
"Cheilosaceae","Malpighiales",NA
"Chelidoniaceae","Ranunculales",NA
"Chelonaceae","Lamiales",NA
"Chenopodiaceae","Caryophyllales",NA
"Chimonanthaceae","Laurales",NA
"Chingithamnaceae","Celastrales",NA
"Chionographidaceae","Liliales",NA
"Chiranthodendraceae","Malvales",NA
"Chironiaceae","Gentianales",NA
"Chlaenaceae","Malvales",NA
"Chloanthaceae","Lamiales",NA
"Chloranthaceae","Chloranthales",8
"Chloridaceae","Poales",NA
"Chlorogalaceae","Asparagales",NA
"Chrysobalanaceae","Malpighiales",196
"Chrysospleniaceae","Saxifragales",NA
"Ciceraceae","Fabales",NA
"Cichoriaceae","Asterales",NA
"Cimicifugaceae","Ranunculales",NA
"Cinchoniaceae","Gentianales",NA
"Circaeaceae","Myrtales",NA
"Circaeasteraceae","Ranunculales",110
"Cissaceae","Vitales",NA
"Cistaceae","Malvales",255
"Citraceae","Sapindales",NA
"Clematidaceae","Ranunculales",NA
"Cleomaceae","Brassicales",272
"Clethraceae","Ericales",341
"Clusiaceae","Malpighiales",211
"Cneoraceae","Sapindales",NA
"Cnestidaceae","Oxalidales",NA
"Cnicaceae","Asterales",NA
"Cobaeaceae","Ericales",NA
"Cochlospermaceae","Malvales",NA
"Cocosaceae","Arecales",NA
"Codonaceae","Boraginales",NA
"Coeleanthaceae","Poales",NA
"Coffeaceae","Gentianales",NA
"Colchicaceae","Liliales",56
"Coleogynaceae","Rosales",NA
"Colocasiaceae","Alismatales",NA
"Columelliaceae","Bruniales",402
"Comandraceae","Santalales",NA
"Combretaceae","Myrtales",218
"Commelinaceae","Commelinales",78
"Comocladiaceae","Sapindales",NA
"Compositae","Asterales",NA
"Compsoaceae","Liliales",NA
"Conantheraceae","Asparagales",NA
"Connaraceae","Oxalidales",174
"Conostylidaceae","Commelinales",NA
"Convallariaceae","Asparagales",NA
"Convolvulaceae","Solanales",357
"Cordiaceae","Boraginales",NA
"Coreopsidaceae","Asterales",NA
"Coriandraceae","Apiales",NA
"Coriariaceae","Cucurbitales",166
"Coridaceae","Ericales",NA
"Corispermaceae","Caryophyllales",NA
"Cornaceae","Cornales",320
"Corokiaceae","Asterales",NA
"Coronillaceae","Fabales",NA
"Correaceae","Sapindales",NA
"Corrigiolaceae","Caryophyllales",NA
"Corsiaceae","Liliales",60
"Corydalaceae","Ranunculales",NA
"Corylaceae","Fagales",NA
"Corynocarpaceae","Cucurbitales",165
"Coryphaceae","Arecales",NA
"Costaceae","Zingiberales",88
"Cotyledonaceae","Saxifragales",NA
"Coulaceae","Santalales",NA
"Coutariaceae","Gentianales",NA
"Coutoubeaceae","Gentianales",NA
"Crassulaceae","Saxifragales",134
"Crescentiaceae","Lamiales",NA
"Cressaceae","Solanales",NA
"Crinaceae","Asparagales",NA
"Crocaceae","Asparagales",NA
"Croomiaceae","Pandanales",NA
"Crossosomataceae","Crossosomatales",233
"Crotonaceae","Malpighiales",NA
"Cruciferae","Brassicales",NA
"Cryptaceae","Malpighiales",NA
"Crypteroniaceae","Myrtales",224
"Cryptocorynaceae","Alismatales",NA
"Cryptomeriaceae","Pinales",NA
"Ctenolophonaceae","Malpighiales",186
"Cucurbitaceae","Cucurbitales",167
"Cunninghamiaceae","Pinales",NA
"Cunoniaceae","Oxalidales",176
"Cupressaceae","Pinales",NA
"Curcumaceae","Zingiberales",NA
"Curtisiaceae","Cornales",318
"Cuscutaceae","Solanales",NA
"Cyananthaceae","Asterales",NA
"Cyanastraceae","Asparagales",NA
"Cyanellaceae","Asparagales",NA
"Cycadaceae","Cycadales",NA
"Cyclanthaceae","Pandanales",50
"Cyclantheraceae","Cucurbitales",NA
"Cyclocheilaceae","Lamiales",NA
"Cydoniaceae","Rosales",NA
"Cymodoceaceae","Alismatales",42
"Cynanchaceae","Gentianales",NA
"Cynaraceae","Asterales",NA
"Cynocrambaceae","Gentianales",NA
"Cynodontaceae","Poales",NA
"Cynoglossaceae","Boraginales",NA
"Cynomoriaceae","Saxifragales",139
"Cynosuraceae","Poales",NA
"Cyperaceae","Poales",99
"Cyphiaceae","Asterales",NA
"Cyphocarpaceae","Asterales",NA
"Cypripediaceae","Asparagales",NA
"Cyrillaceae","Ericales",342
"Cyrtandraceae","Lamiales",NA
"Cyrtanthaceae","Asparagales",NA
"Cytinaceae","Malvales",247
"Dacrycarpaceae","Pinales",NA
"Dactylanthaceae","Santalales",NA
"Dalbergiaceae","Fabales",NA
"Daleaceae","Fabales",NA
"Damasoniaceae","Alismatales",NA
"Daphnaceae","Malvales",NA
"Daphniphyllaceae","Saxifragales",130
"Dasypogonaceae","unplacedCommelinid",90
"Datiscaceae","Cucurbitales",169
"Daturaceae","Solanales",NA
"Daucaceae","Apiales",NA
"Davidiaceae","Cornales",NA
"Davidsoniaceae","Oxalidales",NA
"Decaisneaceae","Ranunculales",NA
"Deeringiaceae","Caryophyllales",NA
"Degeneriaceae","Magnoliales",18
"Delimaceae","Dilleniales",NA
"Delphiniaceae","Ranunculales",NA
"Dendrophthoaceae","Santalales",NA
"Desfontainiaceae","Bruniales",NA
"Detariaceae","Fabales",NA
"Dialypetalanthaceae","Gentianales",NA
"Dianellaceae","Asparagales",NA
"Dianthaceae","Caryophyllales",NA
"Diapensiaceae","Ericales",336
"Dichapetalaceae","Malpighiales",194
"Dichondraceae","Solanales",NA
"Diclidantheraceae","Fabales",NA
"Dicrastylidiaceae","Lamiales",NA
"Dictamnaceae","Sapindales",NA
"Didiereaceae","Caryophyllales",310
"Didymelaceae","Buxales",NA
"Didymocarpaceae","Lamiales",NA
"Diegodendraceae","Malvales",NA
"Diervillaceae","Dipsacales",NA
"Digitalidaceae","Lamiales",NA
"Dilatridaceae","Commelinales",NA
"Dilleniaceae","Dilleniales",124
"Dioaceae","Cycadales",NA
"Dionaeaceae","Caryophyllales",NA
"Dioncophyllaceae","Caryophyllales",290
"Dioscoreaceae","Dioscoreales",46
"Diosmaceae","Sapindales",NA
"Diospyraceae","Ericales",NA
"Dipentodontaceae","Huerteales",246
"Diphylleiaceae","Ranunculales",NA
"Diplolaenaceae","Sapindales",NA
"Dipsacaceae","Dipsacales",NA
"Dipterocarpaceae","Malvales",256
"Dirachmaceae","Rosales",149
"Disanthaceae","Saxifragales",NA
"Diselmaceae","Pinales",NA
"Dodonaeaceae","Sapindales",NA
"Dombeyaceae","Malvales",NA
"Donatiaceae","Asterales",NA
"Dorsteniaceae","Rosales",NA
"Dortmannaceae","Asterales",NA
"Doryanthaceae","Asparagales",69
"Drabaceae","Brassicales",NA
"Dracaenaceae","Asparagales",NA
"Dracontiaceae","Alismatales",NA
"Drimyidaceae","Canellales",NA
"Droseraceae","Caryophyllales",287
"Drosophyllaceae","Caryophyllales",289
"Dryadaceae","Rosales",NA
"Duabangaceae","Myrtales",NA
"Duckeodendraceae","Solanales",NA
"Dulongiaceae","Aquifoliales",NA
"Durantaceae","Lamiales",NA
"Durionaceae","Malvales",NA
"Dysphaniaceae","Caryophyllales",NA
"Ebenaceae","Ericales",332
"Eccremidaceae","Asparagales",NA
"Ecdeiocoleaceae","Poales",105
"Echiaceae","Boraginales",NA
"Echinariaceae","Poales",NA
"Echinopaceae","Asterales",NA
"Ehretiaceae","Boraginales",NA
"Ehrhartaceae","Poales",NA
"Elaeagnaceae","Rosales",150
"Elaeocarpaceae","Oxalidales",177
"Elatinaceae","Malpighiales",190
"Elegiaceae","Poales",NA
"Ellisiaceae","Boraginales",NA
"Ellisiophyllaceae","Lamiales",NA
"Elodeaceae","Alismatales",NA
"Elytranthaceae","Santalales",NA
"Embeliaceae","Ericales",NA
"Emblingiaceae","Brassicales",266
"Emmotaceae","NearGarryales",NA
"Empetraceae","Ericales",NA
"Encephalartaceae","Cycadales",NA
"Engelhardtiaceae","Fagales",NA
"Enhalaceae","Alismatales",NA
"Epacridaceae","Ericales",NA
"Ephedraceae","Gnetales",NA
"Ephemeranthaceae","Commelinales",NA
"Epilobiaceae","Myrtales",NA
"Epimediaceae","Ranunculales",NA
"Eragrostidaceae","Poales",NA
"Eremolepidaceae","Santalales",NA
"Eremosynaceae","Escalloniales",NA
"Ericaceae","Ericales",344
"Erinaceae","Lamiales",NA
"Eriocaulaceae","Poales",95
"Eriogonaceae","Caryophyllales",NA
"Eriospermaceae","Asparagales",NA
"Erodiaceae","Geraniales",NA
"Erycibaceae","Solanales",NA
"Eryngiaceae","Apiales",NA
"Erysimaceae","Brassicales",NA
"Erythroniaceae","Liliales",NA
"Erythropalaceae","Santalales",NA
"Erythrospermaceae","Malpighiales",NA
"Erythroxylaceae","Malpighiales",182
"Escalloniaceae","Escalloniales",401
"Eschscholziaceae","Ranunculales",NA
"Eucomidaceae","Asparagales",NA
"Eucommiaceae","Garryales",348
"Eucryphiaceae","Oxalidales",NA
"Eugeniaceae","Myrtales",NA
"Euonymaceae","Celastrales",NA
"Eupatoriaceae","Asterales",NA
"Euphorbiaceae","Malpighiales",184
"Euphrasiaceae","Lamiales",NA
"Euphroniaceae","Malpighiales",195
"Eupomatiaceae","Magnoliales",20
"Eupteleaceae","Ranunculales",108
"Euryalaceae","Nymphaeales",NA
"Eustrephaceae","Asparagales",NA
"Euthemidaceae","Malpighiales",NA
"Eutocaceae","Boraginales",NA
"Evolvulaceae","Solanales",NA
"ex-Icacinaceae","NearGarryales",NA
"Exbucklandiaceae","Saxifragales",NA
"Exocarpaceae","Santalales",NA
"Fabaceae","Fabales",144
"Fagaceae","Fagales",157
"Falcatifoliaceae","Pinales",NA
"Ferulaceae","Apiales",NA
"Festucaceae","Poales",NA
"Ficaceae","Rosales",NA
"Ficoidaceae","Caryophyllales",NA
"Fitzroyaceae","Pinales",NA
"Flacourtiaceae","Malpighiales",NA
"Flagellariaceae","Poales",103
"Flindersiaceae","Sapindales",NA
"Foetidiaceae","Ericales",NA
"Forestieraceae","Lamiales",NA
"Fothergillaceae","Saxifragales",NA
"Fouquieriaceae","Ericales",326
"Fragariaceae","Rosales",NA
"Francoaceae","Geraniales",NA
"Frangulaceae","Rosales",NA
"Frankeniaceae","Caryophyllales",283
"Fraxinaceae","Lamiales",NA
"Fraxinellaceae","Sapindales",NA
"Freycinetiaceae","Pandanales",NA
"Fritillariaceae","Liliales",NA
"Fuchsiaceae","Myrtales",NA
"Fumariaceae","Ranunculales",NA
"Funkiaceae","Asparagales",NA
"Gaiadendraceae","Santalales",NA
"Galacinaceae","Ericales",NA
"Galanthaceae","Asparagales",NA
"Galaxiaceae","Asparagales",NA
"Galedupaceae","Fabales",NA
"Galeniaceae","Caryophyllales",NA
"Galiaceae","Gentianales",NA
"Garciniaceae","Malpighiales",NA
"Gardeniaceae","Gentianales",NA
"Gardneriaceae","Gentianales",NA
"Garryaceae","Garryales",349
"Geissolomataceae","Crossosomatales",228
"Geitonoplesiaceae","Asparagales",NA
"Gelsemiaceae","Gentianales",353
"Geniostomataceae","Gentianales",NA
"Gentianaceae","Gentianales",351
"Geoffroeaceae","Fabales",NA
"Geonomataceae","Arecales",NA
"Geosiridaceae","Asparagales",NA
"Geraniaceae","Geraniales",215
"Gerrardinaceae","Huerteales",244
"Gesneriaceae","Lamiales",367
"Gethyllidaceae","Asparagales",NA
"Gilliesiaceae","Asparagales",NA
"Ginalloaceae","Santalales",NA
"Ginkgoaceae","Ginkgoales",NA
"Gisekiaceae","Caryophyllales",303
"Gladiolaceae","Asparagales",NA
"Glaucidiaceae","Ranunculales",NA
"Glechomaceae","Lamiales",NA
"Glinaceae","Caryophyllales",NA
"Globulariaceae","Lamiales",NA
"Glyceriaceae","Poales",NA
"Gnaphaliaceae","Asterales",NA
"Gnetaceae","Gnetales",NA
"Gnidiaceae","Malvales",NA
"Goetzeaceae","Solanales",NA
"Gomortegaceae","Laurales",24
"Gomphiaceae","Malpighiales",NA
"Gomphrenaceae","Caryophyllales",NA
"Gonystylaceae","Malvales",NA
"Goodeniaceae","Asterales",398
"Gordoniaceae","Ericales",NA
"Gouaniaceae","Rosales",NA
"Goupiaceae","Malpighiales",203
"Gramineae","Poales",NA
"Gratiolaceae","Lamiales",NA
"Grewiaceae","Malvales",NA
"Greyiaceae","Geraniales",NA
"Grielaceae","Malvales",NA
"Grindeliaceae","Asterales",NA
"Griseliniaceae","Apiales",409
"Gronoviaceae","Cornales",NA
"Grossulariaceae","Saxifragales",132
"Grubbiaceae","Cornales",319
"Guaiacanaceae","Ericales",NA
"Guamatelaceae","Crossosomatales",NA
"Guettardaceae","Gentianales",NA
"Gunneraceae","Gunnerales",123
"Gustaviaceae","Ericales",NA
"Guttiferae","Malpighiales",NA
"Gyrocarpaceae","Laurales",NA
"Gyrostemonaceae","Brassicales",269
"Hachetteaceae","Santalales",NA
"Haemanthaceae","Asparagales",NA
"Haemodoraceae","Commelinales",81
"Halesiaceae","Ericales",NA
"Hallieraceae","Lamiales",NA
"Halocarpaceae","Pinales",NA
"Halophilaceae","Alismatales",NA
"Halophytaceae","Caryophyllales",312
"Haloragaceae","Saxifragales",138
"Hamamelidaceae","Saxifragales",128
"Hameliaceae","Gentianales",NA
"Hanguanaceae","Commelinales",77
"Haptanthaceae","Buxales",120
"Harmandiaceae","Santalales",NA
"Hebenstretiaceae","Lamiales",NA
"Hectorellaceae","Caryophyllales",NA
"Hederaceae","Apiales",NA
"Hedyosmaceae","Chloranthales",NA
"Hedyotidaceae","Gentianales",NA
"Hedysaraceae","Fabales",NA
"Heisteriaceae","Santalales",NA
"Heleniaceae","Asterales",NA
"Heliamphoraceae","Ericales",NA
"Helianthaceae","Asterales",NA
"Helianthemaceae","Malvales",NA
"Helichrysaceae","Asterales",NA
"Heliconiaceae","Zingiberales",84
"Helicteraceae","Malvales",NA
"Heliotropiaceae","Boraginales",NA
"Helleboraceae","Ranunculales",NA
"Heloniadaceae","Liliales",NA
"Helosidaceae","Santalales",NA
"Helwingiaceae","Aquifoliales",388
"Hemerocallidaceae","Asparagales",NA
"Hemimeridaceae","Lamiales",NA
"Hemiphylacaceae","Asparagales",NA
"Henriqueziaceae","Gentianales",NA
"Henslowiaceae","Myrtales",NA
"Hermanniaceae","Malvales",NA
"Hernandiaceae","Laurales",26
"Herniariaceae","Caryophyllales",NA
"Herreriaceae","Asparagales",NA
"Hesperocallidaceae","Asparagales",NA
"Heterantheraceae","Commelinales",NA
"Heteropyxidaceae","Myrtales",NA
"Heterostylaceae","Alismatales",NA
"Hibbertiaceae","Dilleniales",NA
"Hibiscaceae","Malvales",NA
"Hilleriaceae","Caryophyllales",NA
"Himantandraceae","Magnoliales",19
"Hippocastanaceae","Sapindales",NA
"Hippocrateaceae","Celastrales",NA
"Hippomanaceae","Malpighiales",NA
"Hippophaeaceae","Rosales",NA
"Hippuridaceae","Lamiales",NA
"Hirtellaceae","Malpighiales",NA
"Holacanthaceae","Sapindales",NA
"Holcaceae","Poales",NA
"Homaliaceae","Malpighiales",NA
"Hopkinsiaceae","Poales",NA
"Hoplestigmataceae","Boraginales",NA
"Hordeaceae","Poales",NA
"Hornschuchiaceae","Magnoliales",NA
"Hortensiaceae","Cornales",NA
"Hortoniaceae","Laurales",NA
"Hostaceae","Asparagales",NA
"Hottoniaceae","Ericales",NA
"Houstoniaceae","Gentianales",NA
"Huaceae","Oxalidales",173
"Huerteaceae","Huerteales",NA
"Hugoniaceae","Malpighiales",NA
"Humbertiaceae","Solanales",NA
"Humiriaceae","Malpighiales",206
"Humulaceae","Rosales",NA
"Hyacinthaceae","Asparagales",NA
"Hydatellaceae","Nymphaeales",2
"Hydnoraceae","Piperales",14
"Hydrangeaceae","Cornales",321
"Hydrastidaceae","Ranunculales",NA
"Hydrillaceae","Alismatales",NA
"Hydroceraceae","Ericales",NA
"Hydrocharitaceae","Alismatales",34
"Hydrocotylaceae","Apiales",NA
"Hydrogetonaceae","Alismatales",NA
"Hydroleaceae","Solanales",361
"Hydropeltidaceae","Nymphaeales",NA
"Hydrophylacaceae","Gentianales",NA
"Hydrophyllaceae","Boraginales",NA
"Hydrostachyaceae","Cornales",317
"Hymenocardiaceae","Malpighiales",NA
"Hyoscyamaceae","Solanales",NA
"Hypecoaceae","Ranunculales",NA
"Hyperantheraceae","Brassicales",NA
"Hypericaceae","Malpighiales",214
"Hypopityaceae","Ericales",NA
"Hypoxidaceae","Asparagales",67
"Hypseocharitaceae","Geraniales",NA
"Icacinaceae","NearGarryales",347
"Idiospermaceae","Laurales",NA
"Ilicaceae","Aquifoliales",NA
"Illecebraceae","Caryophyllales",NA
"Illiciaceae","Austrobaileyales",NA
"Illigeraceae","Laurales",NA
"Impatientaceae","Ericales",NA
"Imperatoriaceae","Apiales",NA
"Inocarpaceae","Fabales",NA
"Inulaceae","Asterales",NA
"Iodaceae","NearGarryales",NA
"Ionidiaceae","Malpighiales",NA
"Iriarteaceae","Arecales",NA
"Iridaceae","Asparagales",71
"Irvingiaceae","Malpighiales",207
"Isatidaceae","Brassicales",NA
"Isnardiaceae","Myrtales",NA
"Isophysidaceae","Asparagales",NA
"Iteaceae","Saxifragales",131
"Ivaceae","Asterales",NA
"Ixerbaceae","Crossosomatales",NA
"Ixiaceae","Asparagales",NA
"Ixioliriaceae","Asparagales",70
"Ixiolirionaceae","Asparagales",NA
"Ixonanthaceae","Malpighiales",209
"Jalapaceae","Caryophyllales",NA
"Jamboliferaceae","Sapindales",NA
"Japonoliriaceae","Petrosaviales",NA
"Jasionaceae","Asterales",NA
"Jasminiaceae","Lamiales",NA
"Johnsoniaceae","Asparagales",NA
"Joinvilleaceae","Poales",104
"Juglandaceae","Fagales",159
"Julianiaceae","Sapindales",NA
"Juncaceae","Poales",98
"Juncaginaceae","Alismatales",37
"Juniperaceae","Pinales",NA
"Jussiaeaceae","Myrtales",NA
"Justiciaceae","Lamiales",NA
"Kadsuraceae","Austrobaileyales",NA
"Kaliphoraceae","Solanales",NA
"Kalmiaceae","Ericales",NA
"Kaniaceae","Myrtales",NA
"Kasicarpaceae","fossilSarbaicarpales_near_Hamamelidales",NA
"Kiggelariaceae","Malpighiales",NA
"Kingdoniaceae","Ranunculales",NA
"Kingiaceae","unplacedCommelinid",NA
"Kirengeshomaceae","Cornales",NA
"Kirkiaceae","Sapindales",237
"Kobresiaceae","Poales",NA
"Koeberliniaceae","Brassicales",263
"Koelreuteriaceae","Sapindales",NA
"Krameriaceae","Zygophyllales",141
"Labiatae","Lamiales",NA
"Lacandoniaceae","Pandanales",NA
"Lachenaliaceae","Asparagales",NA
"Lacistemataceae","Malpighiales",200
"Lactoridaceae","Piperales",13
"Lactucaceae","Asterales",NA
"Lagerstroemiaceae","Myrtales",NA
"Lagoeciaceae","Apiales",NA
"Laguraceae","Poales",NA
"Lamiaceae","Lamiales",373
"Lampsanaceae","Asterales",NA
"Lanariaceae","Asparagales",66
"Langsdorffiaceae","Santalales",NA
"Lantanaceae","Lamiales",NA
"Lapageriaceae","Liliales",NA
"Lardizabalaceae","Ranunculales",111
"Lasiaceae","Alismatales",NA
"Lasiopetalaceae","Malvales",NA
"Lauraceae","Laurales",28
"Lawsoniaceae","Myrtales",NA
"Laxmanniaceae","Asparagales",NA
"Lecythidaceae","Ericales",328
"Ledaceae","Ericales",NA
"Ledocarpaceae","Geraniales",NA
"Leeaceae","Vitales",NA
"Legnotidaceae","Malpighiales",NA
"Leguminosae","Fabales",NA
"Leitneriaceae","Sapindales",NA
"Lemnaceae","Alismatales",NA
"Lennoaceae","Boraginales",NA
"Lentibulariaceae","Lamiales",377
"Lentiscaceae","Sapindales",NA
"Leoniaceae","Malpighiales",NA
"Leonticaceae","Ranunculales",NA
"Lepidobotryaceae","Celastrales",171
"Lepidocarpaceae","Proteales",NA
"Lepidocaryaceae","Arecales",NA
"Lepidocerataceae","Santalales",NA
"Leptaulaceae","Aquifoliales",NA
"Leptospermaceae","Myrtales",NA
"Lepturaceae","Poales",NA
"Lepuropetalaceae","Celastrales",NA
"Leucojaceae","Asparagales",NA
"Leuctenbergiaceae","Caryophyllales",NA
"Libocedraceae","Pinales",NA
"Licaniaceae","Malpighiales",NA
"Ligustraceae","Lamiales",NA
"Lilaeaceae","Alismatales",NA
"Liliaceae","Liliales",61
"Limeaceae","Caryophyllales",300
"Limnanthaceae","Brassicales",261
"Limnocharitaceae","Alismatales",NA
"Limodoraceae","Asparagales",NA
"Limoniaceae","Caryophyllales",NA
"Limosellaceae","Lamiales",NA
"Linaceae","Malpighiales",208
"Linariaceae","Lamiales",NA
"Lindenbergiaceae","Lamiales",NA
"Linderniaceae","Lamiales",371
"Lindleyaceae","Rosales",NA
"Linnaeaceae","Dipsacales",NA
"Liparidaceae","Asparagales",NA
"Lippayaceae","Gentianales",NA
"Liriaceae","Liliales",NA
"Liriodendraceae","Magnoliales",NA
"Lissocarpaceae","Ericales",NA
"Littorellaceae","Lamiales",NA
"Loasaceae","Cornales",322
"Lobeliaceae","Asterales",NA
"Loganiaceae","Gentianales",352
"Loliaceae","Poales",NA
"Lomandraceae","Asparagales",NA
"Loniceraceae","Dipsacales",NA
"Lopeziaceae","Myrtales",NA
"Lophiocarpaceae","Caryophyllales",301
"Lophiolaceae","Dioscoreales",NA
"Lophiraceae","Malpighiales",NA
"Lophophytaceae","Santalales",NA
"Lophopyxidaceae","Malpighiales",197
"Loranthaceae","Santalales",280
"Lotaceae","Fabales",NA
"Lowiaceae","Zingiberales",83
"Lupulaceae","Rosales",NA
"Luxemburgiaceae","Malpighiales",NA
"Luzuriagaceae","Liliales",NA
"Lychnidaceae","Caryophyllales",NA
"Lyciaceae","Solanales",NA
"Lyginiaceae","Poales",NA
"Lygodisodeaceae","Gentianales",NA
"Lysimachiaceae","Ericales",NA
"Lythraceae","Myrtales",219
"Macarisiaceae","Malpighiales",NA
"Mackinlayaceae","Apiales",NA
"Madiaceae","Asterales",NA
"Maesaceae","Ericales",NA
"Magnoliaceae","Magnoliales",17
"Malaceae","Rosales",NA
"Malesherbiaceae","Malpighiales",NA
"Malortieaceae","Arecales",NA
"Malpighiaceae","Malpighiales",191
"Malvaceae","Malvales",250
"Mangiaceae","Malpighiales",NA
"Manicariaceae","Arecales",NA
"Mapaniaceae","Poales",NA
"Marantaceae","Zingiberales",87
"Marathraceae","Malpighiales",NA
"Marcgraviaceae","Ericales",324
"Martyniaceae","Lamiales",384
"Mastixiaceae","Cornales",NA
"Matricariaceae","Asterales",NA
"Maundiaceae","Alismatales",NA
"Mayacaceae","Poales",96
"Mazacaceae","Lamiales",NA
"Medeolaceae","Liliales",NA
"Medusagynaceae","Malpighiales",NA
"Medusandraceae","Saxifragales",NA
"Melaleucaceae","Myrtales",NA
"Melampyraceae","Lamiales",NA
"Melanophyllaceae","Apiales",NA
"Melanthiaceae","Liliales",53
"Melastomataceae","Myrtales",223
"Meliaceae","Sapindales",243
"Melianthaceae","Geraniales",217
"Melicaceae","Poales",NA
"Meliosmaceae","Sabiales",NA
"Melittidaceae","Lamiales",NA
"Melochiaceae","Malvales",NA
"Memecylaceae","Myrtales",NA
"Mendonciaceae","Lamiales",NA
"Menispermaceae","Ranunculales",112
"Menthaceae","Lamiales",NA
"Menyanthaceae","Asterales",397
"Menzieziaceae","Ericales",NA
"Mercurialaceae","Malpighiales",NA
"Merenderaceae","Liliales",NA
"Mesembryaceae","Caryophyllales",NA
"Mesembryanthemaceae","Caryophyllales",NA
"Mespilaceae","Rosales",NA
"Metasequioaceae","Pinales",NA
"Metteniusaceae","NearGarryales",346
"Meyeniaceae","Lamiales",NA
"Miconiaceae","Myrtales",NA
"Micrantheaceae","Malpighiales",NA
"Microbiotaceae","Pinales",NA
"Microcachrydaceae","Pinales",NA
"Microcycadaceae","Cycadales",NA
"Microstrobaceae","Pinales",NA
"Microteaceae","Caryophyllales",NA
"Miliaceae","Poales",NA
"Milulaceae","Asparagales",NA
"Mimosaceae","Fabales",NA
"Minuartiaceae","Caryophyllales",NA
"Mirabilidaceae","Caryophyllales",NA
"Misodendraceae","Santalales",281
"Mitrastemonaceae","Ericales",343
"Miyoshiaceae","Petrosaviales",NA
"Modeccaceae","Malpighiales",NA
"Molluginaceae","Caryophyllales",308
"Monardaceae","Lamiales",NA
"Monimiaceae","Laurales",27
"Monodoraceae","Magnoliales",NA
"Monotaceae","Malvales",NA
"Monotropaceae","Ericales",NA
"Monsteraceae","Alismatales",NA
"Montiaceae","Caryophyllales",309
"Montiniaceae","Solanales",359
"Moraceae","Rosales",154
"Moreniaceae","Arecales",NA
"Morinaceae","Dipsacales",NA
"Moringaceae","Brassicales",259
"Mouririaceae","Myrtales",NA
"Moutabeaceae","Fabales",NA
"Muntingiaceae","Malvales",248
"Musaceae","Zingiberales",85
"Mutisiaceae","Asterales",NA
"Myodocarpaceae","Apiales",412
"Myoporaceae","Lamiales",NA
"Myricaceae","Fagales",158
"Myriophyllaceae","Saxifragales",NA
"Myristicaceae","Magnoliales",16
"Myrobalanaceae","Myrtales",NA
"Myrothamnaceae","Gunnerales",122
"Myrrhiniaceae","Myrtales",NA
"Myrsinaceae","Ericales",NA
"Myrtaceae","Myrtales",222
"Mystropetalaceae","Santalales",NA
"Nageiaceae","Pinales",NA
"Najadaceae","Alismatales",NA
"Nandinaceae","Ranunculales",NA
"Nanodeaceae","Santalales",NA
"Napoleonaeaceae","Ericales",NA
"Narcissaceae","Asparagales",NA
"Nardaceae","Poales",NA
"Nartheciaceae","Dioscoreales",44
"Nassauviaceae","Asterales",NA
"Naucleaceae","Gentianales",NA
"Nectaropetalaceae","Malpighiales",NA
"Neilliaceae","Rosales",NA
"Nelsoniaceae","Lamiales",NA
"Nelumbonaceae","Proteales",116
"Nemacladaceae","Asterales",NA
"Neocallitropsidaceae","Pinales",NA
"Neottiaceae","Asparagales",NA
"Nepenthaceae","Caryophyllales",288
"Nepetaceae","Lamiales",NA
"Nesogenaceae","Lamiales",NA
"Neuradaceae","Malvales",249
"Neuwiediaceae","Asparagales",NA
"Nhandirobaceae","Cucurbitales",NA
"Nicotianaceae","Solanales",NA
"Nigellaceae","Ranunculales",NA
"Nitrariaceae","Sapindales",236
"Nolanaceae","Solanales",NA
"Nolinaceae","Asparagales",NA
"Nonateliaceae","Gentianales",NA
"Nopaleaceae","Caryophyllales",NA
"Noranteaceae","Ericales",NA
"Nothofagaceae","Fagales",156
"Nupharaceae","Nymphaeales",NA
"Nuytsiaceae","Santalales",NA
"Nyctaginaceae","Caryophyllales",307
"Nyctanthaceae","Lamiales",NA
"Nymphaeaceae","Nymphaeales",4
"Nypaceae","Arecales",NA
"Nyssaceae","Cornales",NA
"Obolariaceae","Gentianales",NA
"Ochnaceae","Malpighiales",187
"Ochranthaceae","Crossosomatales",NA
"Octoknemaceae","Santalales",NA
"Oenotheraceae","Myrtales",NA
"Oftiaceae","Lamiales",NA
"Olacaceae","Santalales",277
"Oleaceae","Lamiales",364
"Oliniaceae","Myrtales",NA
"Olyraceae","Poales",NA
"Onagraceae","Myrtales",220
"Oncothecaceae","NearGarryales,asteridI",345
"Onosmaceae","Boraginales",NA
"Operculariaceae","Gentianales",NA
"Ophiopogonaceae","Asparagales",NA
"Ophioxylaceae","Gentianales",NA
"Ophiraceae","Cornales",NA
"Ophiuraceae","Poales",NA
"Ophrydaceae","Asparagales",NA
"Opiliaceae","Santalales",278
"Oporanthaceae","Asparagales",NA
"Opuntiaceae","Caryophyllales",NA
"Orchidaceae","Asparagales",62
"Ornithogalaceae","Asparagales",NA
"Ornithrophaceae","Sapindales",NA
"Orobanchaceae","Lamiales",376
"Orontiaceae","Alismatales",NA
"Ortegaceae","Caryophyllales",NA
"Oryzaceae","Poales",NA
"Osyridaceae","Santalales",NA
"Oxalidaceae","Oxalidales",175
"Oxycladaceae","Lamiales",NA
"Oxycoccaceae","Ericales",NA
"Oxystylidaceae","Brassicales",NA
"Pachysandraceae","Buxales",NA
"Pacouriaceae","Gentianales",NA
"Paeoniaceae","Saxifragales",126
"Pagamaeaceae","Gentianales",NA
"Paivaeusaceae","Malpighiales",NA
"Palmae","Arecales",NA
"Pancratiaceae","Asparagales",NA
"Pandaceae","Malpighiales",180
"Pandanaceae","Pandanales",51
"Pangiaceae","Malpighiales",NA
"Panicaceae","Poales",NA
"Papaveraceae","Ranunculales",109
"Papayaceae","Brassicales",NA
"Papilionaceae","Fabales",NA
"Pappophoraceae","Poales",NA
"Papyraceae","Poales",NA
"Paracryphiaceae","Paracryphiales",404
"Parasitaxaceae","Pinales",NA
"Parianaceae","Poales",NA
"Paridaceae","Liliales",NA
"Parnassiaceae","Celastrales",NA
"Paronychiaceae","Caryophyllales",NA
"Paropsiaceae","Malpighiales",NA
"Parrotiaceae","Saxifragales",NA
"Partheniaceae","Asterales",NA
"Paspalaceae","Poales",NA
"Passifloraceae","Malpighiales",199
"Pastinacaceae","Apiales",NA
"Paulliniaceae","Sapindales",NA
"Paulowniaceae","Lamiales",375
"Paviaceae","Sapindales",NA
"Pectiantiaceae","Saxifragales",NA
"Pedaliaceae","Lamiales",372
"Pedicularidaceae","Lamiales",NA
"Peganaceae","Sapindales",NA
"Peliosanthaceae","Asparagales",NA
"Pellicieraceae","Ericales",NA
"Penaeaceae","Myrtales",226
"Pennantiaceae","Apiales",407
"Pentadiplandraceae","Brassicales",268
"Pentapetaceae","Malvales",NA
"Pentaphragmataceae","Asterales",392
"Pentaphylacaceae","Ericales",330
"Pentastemonaceae","Pandanales",NA
"Penthoraceae","Saxifragales",137
"Peperomiaceae","Piperales",NA
"Peraceae","Malpighiales",NA
"Perdiciaceae","Asterales",NA
"Peridiscaceae","Saxifragales",125
"Periplocaceae","Gentianales",NA
"Peripterygiaceae","Aquifoliales",NA
"Perseaceae","Laurales",NA
"Persicariaceae","Caryophyllales",NA
"Petenaeaceae","Huerteales",NA
"Petermanniaceae","Liliales",54
"Petiveriaceae","Caryophyllales",NA
"Petreaceae","Lamiales",NA
"Petrosaviaceae","Petrosaviales",43
"Phalaridaceae","Poales",NA
"Phaleriaceae","Malvales",NA
"Pharaceae","Poales",NA
"Pharnaceaceae","Caryophyllales",NA
"Phaseolaceae","Fabales",NA
"Phellinaceae","Asterales",395
"Phelypaeaceae","Lamiales",NA
"Pherosphaeraceae","Pinales",NA
"Philadelphaceae","Cornales",NA
"Philesiaceae","Liliales",57
"Philippodendraceae","Malvales",NA
"Philocrenaceae","Malpighiales",NA
"Philodendraceae","Alismatales",NA
"Philydraceae","Commelinales",79
"Phleaceae","Poales",NA
"Phoenicaceae","Arecales",NA
"Phoradendraceae","Santalales",NA
"Phormiaceae","Asparagales",NA
"Phrymaceae","Lamiales",374
"Phylicaceae","Rosales",NA
"Phyllanthaceae","Malpighiales",189
"Phyllocladaceae","Pinales",NA
"Phyllonomaceae","Aquifoliales",387
"Physenaceae","Caryophyllales",294
"Phytelephantaceae","Arecales",NA
"Phytocrenaceae","nearGarryales",NA
"Phytolaccaceae","Caryophyllales",305
"Piceaceae","Pinales",NA
"Picramniaceae","Picramniales",234
"Picridaceae","Asterales",NA
"Picrodendraceae","Malpighiales",188
"Pilgerodendraceae","Pinales",NA
"Pilocarpaceae","Sapindales",NA
"Pimpinellaceae","Apiales",NA
"Pinaceae","Pinales",NA
"Pinguiculaceae","Lamiales",NA
"Piperaceae","Piperales",12
"Piriquetaceae","Malpighiales",NA
"Pisoniaceae","Caryophyllales",NA
"Pistaciaceae","Sapindales",NA
"Pistiaceae","Alismatales",NA
"Pittosporaceae","Apiales",410
"Plagianthaceae","Malvales",NA
"Plagiopteraceae","Celastrales",NA
"Plantaginaceae","Lamiales",368
"Platanaceae","Proteales",117
"Platycaryaceae","Fagales",NA
"Platycladaceae","Pinales",NA
"Platyspermataceae","Asterales",NA
"Platystemonaceae","Ranunculales",NA
"Plectroniaceae","Myrtales",NA
"Pleurisanthaceae","nearGarryales",NA
"Plocospermataceae","Lamiales",362
"Plumbaginaceae","Caryophyllales",285
"Plumeriaceae","Gentianales",NA
"Poaceae","Poales",106
"Podoaceae","Sapindales",NA
"Podocarpaceae","Pinales",NA
"Podophyllaceae","Ranunculales",NA
"Podostemaceae","Malpighiales",213
"Polemoniaceae","Ericales",327
"Poliothyrsidaceae","Malpighiales",NA
"Polpodaceae","Caryophyllales",NA
"Polycarpaeaceae","Caryophyllales",NA
"Polycnemaceae","Caryophyllales",NA
"Polygalaceae","Fabales",146
"Polygonaceae","Caryophyllales",286
"Polygonanthaceae","Cucurbitales",NA
"Polygonataceae","Asparagales",NA
"Polyosmaceae","Escalloniales",NA
"Pontederiaceae","Commelinales",80
"Poranaceae","Solanales",NA
"Porantheraceae","Malpighiales",NA
"Portulacaceae","Caryophyllales",314
"Portulacariaceae","Caryophyllales",NA
"Posidoniaceae","Alismatales",40
"Potaliaceae","Gentianales",NA
"Potamogetonaceae","Alismatales",39
"Potentillaceae","Rosales",NA
"Poteriaceae","Rosales",NA
"Pothaceae","Alismatales",NA
"Pottingeriaceae","Celastrales",NA
"Primulaceae","Ericales",333
"Prioniaceae","Poales",NA
"Prionotaceae","Ericales",NA
"Prockiaceae","Malpighiales",NA
"Proteaceae","Proteales",118
"Prumnopityaceae","Pinales",NA
"Prunaceae","Rosales",NA
"Pseliaceae","Ranunculales",NA
"Pseudanthaceae","Malpighiales",NA
"Pseudophoenicaceae","Arecales",NA
"Psiloxylaceae","Myrtales",NA
"Psittacanthaceae","Santalales",NA
"Psychotriaceae","Gentianales",NA
"Psylliaceae","Lamiales",NA
"Ptaeroxylaceae","Sapindales",NA
"Pteleaceae","Sapindales",NA
"Pteleocarpaceae","Gentianales",NA
"Pteridophyllaceae","Ranunculales",NA
"Pterisanthaceae","Vitales",NA
"Pterostemonaceae","Saxifragales",NA
"Punicaceae","Myrtales",NA
"Putranjivaceae","Malpighiales",198
"Pycnanthaceae","Orchidaceae",NA
"Pyraceae","Rosales",NA
"Pyrolaceae","Ericales",NA
"Quassiaceae","Sapindales",NA
"Quercaceae","Fagales",NA
"Quiinaceae","Malpighiales",NA
"Quillajaceae","Fabales",143
"Quintiniaceae","Paracryphiales",NA
"Rafflesiaceae","Malpighiales",183
"Ramondaceae","Lamiales",NA
"Randiaceae","Gentianales",NA
"Ranunculaceae","Ranunculales",114
"Ranzaniaceae","Ranunculales",NA
"Rapateaceae","Poales",93
"Raphanaceae","Brassicales",NA
"Reaumuriaceae","Caryophyllales",NA
"Rehmanniaceae","Lamiales",NA
"Resedaceae","Brassicales",270
"Restionaceae","Poales",102
"Retziaceae","Lamiales",NA
"Rhabdodendraceae","Caryophyllales",292
"Rhamnaceae","Rosales",151
"Rhaptopetalaceae","Ericales",NA
"Rhexiaceae","Myrtales",NA
"Rhinanthaceae","Lamiales",NA
"Rhipogonaceae","Liliales",NA
"Rhizophoraceae","Malpighiales",181
"Rhoaceae","Sapindales",NA
"Rhodiolaceae","Saxifragales",NA
"Rhododendraceae","Ericales",NA
"Rhodolaenaceae","Malvales",NA
"Rhodoleiaceae","Saxifragales",NA
"Rhodoraceae","Ericales",NA
"Rhodotypaceae","Rosales",NA
"Rhoipteleaceae","Fagales",NA
"Rhopalocarpaceae","Malvales",NA
"Rhynchocalycaceae","Myrtales",NA
"Rhynchothecaceae","Geraniales",NA
"Ribesiaceae","Saxifragales",NA
"Ricinaceae","Malpighiales",NA
"Ricinocarpaceae","Malpighiales",NA
"Riviniaceae","Caryophyllales",NA
"Roridulaceae","Ericales",339
"Rosaceae","Rosales",147
"Rousseaceae","Asterales",390
"Roxburghiaceae","Pandanales",NA
"Rubiaceae","Gentianales",350
"Rumicaceae","Caryophyllales",NA
"Ruppiaceae","Alismatales",41
"Ruscaceae","Asparagales",NA
"Rutaceae","Sapindales",241
"Sabalaceae","Arecales",NA
"Sabiaceae","Sabiales",115
"Sabiceaceae","Gentianales",NA
"Sabulinaceae","Caryophyllales",NA
"Saccharaceae","Poales",NA
"Saccifoliaceae","Gentianales",NA
"Sagaceae","Arecales",NA
"Saginaceae","Caryophyllales",NA
"Sagoneaceae","Solanales",NA
"Salaciaceae","Celastrales",NA
"Salaxidaceae","Ericales",NA
"Salazariaceae","Lamiales",NA
"Salicaceae","Malpighiales",201
"Salicorniaceae","Caryophyllales",NA
"Salpiglossidaceae","Solanales",NA
"Salsolaceae","Caryophyllales",NA
"Salvadoraceae","Brassicales",265
"Salviaceae","Lamiales",NA
"Sambucaceae","Dipsacales",NA
"Samolaceae","Ericales",NA
"Samydaceae","Malpighiales",NA
"Sanguisorbaceae","Rosales",NA
"Saniculaceae","Apiales",NA
"Sansevieriaceae","Asparagales",NA
"Santalaceae","Santalales",279
"Santolinaceae","Asterales",NA
"Sapindaceae","Sapindales",240
"Sapotaceae","Ericales",331
"Sarbaicarpaceae","fossilSarbaicarpales,??near""Hamamelidales""",NA
"Sarcobataceae","Caryophyllales",306
"Sarcocaceae","Caryophyllales",NA
"Sarcolaenaceae","Malvales",254
"Sarcophytaceae","Santalales",NA
"Sarcospermataceae","Ericales",NA
"Sarcostigmataceae","nearGarryales",NA
"Sargentodoxaceae","Ranunculales",NA
"Sarraceniaceae","Ericales",338
"Saturejaceae","Lamiales",NA
"Saurauiaceae","Ericales",NA
"Saururaceae","Piperales",11
"Sauvagesiaceae","Malpighiales",NA
"Saxegotheaceae","Pinales",NA
"Saxifragaceae","Saxifragales",133
"Scabiosaceae","Dipsacales",NA
"Scaevolaceae","Asterales",NA
"Scandicaceae","Apiales",NA
"Scepaceae","Malpighiales",NA
"Scheuchzeriaceae","Alismatales",35
"Schinaceae","Sapindales",NA
"Schisandraceae","Austrobaileyales",7
"Schizolaenaceae","Malvales",NA
"Schizopetalaceae","Brassicales",NA
"Schlegeliaceae","Lamiales",381
"Schoepfiaceae","Santalales",282
"Schreberaceae","Lamiales",NA
"Sciadopityaceae","Pinales",NA
"Scillaceae","Asparagales",NA
"Scirpaceae","Poales",NA
"Scleranthaceae","Caryophyllales",NA
"Scleriaceae","Poales",NA
"Sclerophylacaceae","Solanales",NA
"Scoliopaceae","Liliales",NA
"Scopariaceae","Lamiales",NA
"Scorodocarpaceae","Santalales",NA
"Scrophulariaceae","Lamiales",369
"Scutellariaceae","Lamiales",NA
"Scybaliaceae","Santalales",NA
"Scyphostegiaceae","Malpighiales",NA
"Scytopetalaceae","Ericales",NA
"Sebestenaceae","Boraginales",NA
"Sedaceae","Saxifragales",NA
"Seguieriaceae","Caryophyllales",NA
"Selaginaceae","Lamiales",NA
"Selinaceae","Apiales",NA
"Sempervivaceae","Saxifragales",NA
"Senecionaceae","Asterales",NA
"Sequoiaceae","Pinales",NA
"Serratulaceae","Asterales",NA
"Sesamaceae","Lamiales",NA
"Sesleriaceae","Poales",NA
"Sesuviaceae","Caryophyllales",NA
"Setchellanthaceae","Brassicales",262
"Sheadendraceae","Myrtales",NA
"Sibthorpiaceae","Lamiales",NA
"Sidaceae","Malvales",NA
"Silenaceae","Caryophyllales",NA
"Sileraceae","Apiales",NA
"Simabaceae","Sapindales",NA
"Simaroubaceae","Sapindales",242
"Simmondsiaceae","Caryophyllales",293
"Sinofranchetiaceae","Ranunculales",NA
"Siparunaceae","Laurales",23
"Siphonanthaceae","Lamiales",NA
"Siphonodontaceae","Celastrales",NA
"Sisymbriaceae","Brassicales",NA
"Sladeniaceae","Ericales",329
"Smeathmanniaceae","Malpighiales",NA
"Smilacaceae","Liliales",59
"Smyrniaceae","Apiales",NA
"Solanaceae","Solanales",358
"Sonneratiaceae","Myrtales",NA
"Soramiaceae","Dilleniales",NA
"Sorbaceae","Rosales",NA
"Soulameaceae","Sapindales",NA
"Sparganiaceae","Poales",NA
"Sparmanniaceae","Malvales",NA
"Spartinaceae","Poales",NA
"Spatheliaceae","Sapindales",NA
"Spergulaceae","Caryophyllales",NA
"Spermacoceaceae","Gentianales",NA
"Sphaerosepalaceae","Malvales",251
"Sphenocleaceae","Solanales",360
"Sphenostemonaceae","Paracryphiales",NA
"Spigeliaceae","Gentianales",NA
"Spinaciaceae","Caryophyllales",NA
"Spiraeaceae","Rosales",NA
"Spiraeanthemaceae","Oxalidales",NA
"Spondiadaceae","Sapindales",NA
"Sporobolaceae","Poales",NA
"Stachydaceae","Lamiales",NA
"Stachyuraceae","Crossosomatales",232
"Stackhousiaceae","Celastrales",NA
"Stangeriaceae","Cycadales",NA
"Stanleyaceae","Brassicales",NA
"Stapeliaceae","Gentianales",NA
"Staphyleaceae","Crossosomatales",230
"Staticaceae","Caryophyllales",NA
"Stegnospermataceae","Caryophyllales",299
"Stellariaceae","Caryophyllales",NA
"Stemonaceae","Pandanales",49
"Stemonuraceae","Aquifoliales",385
"Stenomeridaceae","Dioscoreales",NA
"Sterculiaceae","Malvales",NA
"Stilaginaceae","Malpighiales",NA
"Stilbaceae","Lamiales",370
"Stipaceae","Poales",NA
"Stixaceae","nearResedaceae,Brassicales",NA
"Strasburgeriaceae","Crossosomatales",229
"Stratiotaceae","Alismatales",NA
"Strelitziaceae","Zingiberales",82
"Streptochaetaceae","Poales",NA
"Strombosiaceae","Santalales",NA
"Strumariaceae","Asparagales",NA
"Strychnaceae","Gentianales",NA
"Stylidiaceae","Asterales",393
"Stylobasiaceae","Fabales",NA
"Stylocerataceae","Buxales",NA
"Stypheliaceae","Ericales",NA
"Styracaceae","Ericales",337
"Surianaceae","Fabales",145
"Swartziaceae","Fabales",NA
"Swieteniaceae","Sapindales",NA
"Symphoremataceae","Lamiales",NA
"Symplocaceae","Ericales",335
"Synechanthaceae","Arecales",NA
"Syringaceae","Lamiales",NA
"Taccaceae","Dioscoreales",NA
"Taiwaniaceae","Pinales",NA
"Taktajaniaceae","Canellales",NA
"Talinaceae","Caryophyllales",313
"Tamaceae","Dioscoreales",NA
"Tamaricaceae","Caryophyllales",284
"Tamarindaceae","Fabales",NA
"Tamnaceae","Dioscoreales",NA
"Tanacetaceae","Asterales",NA
"Tapisciaceae","Huerteales",245
"Taxaceae","Pinales",NA
"Taxodiaceae","Pinales",NA
"Tecophilaeaceae","Asparagales",68
"Telephiaceae","Caryophyllales",NA
"Tepuianthaceae","Malvales",NA
"Terminaliaceae","Myrtales",NA
"Ternstroemiaceae","Ericales",NA
"Tetracarpaeaceae","Saxifragales",136
"Tetracentraceae","Trochodendrales",NA
"Tetrachondraceae","Lamiales",365
"Tetraclinaceae","Pinales",NA
"Tetradiclidaceae","Sapindales",NA
"Tetragoniaceae","Caryophyllales",NA
"Tetramelaceae","Cucurbitales",168
"Tetrameristaceae","Ericales",325
"Tetrastylidiaceae","Santalales",NA
"Tetrathecaceae","Oxalidales",NA
"Thalassiaceae","Alismatales",NA
"Thalictraceae","Ranunculales",NA
"Theaceae","Ericales",334
"Theligonaceae","Gentianales",NA
"Themidaceae","Asparagales",NA
"Theobromataceae","Malvales",NA
"Theophrastaceae","Ericales",NA
"Thesiaceae","Santalales",NA
"Thismiaceae","Dioscoreales",NA
"Thlaspiaceae","Brassicales",NA
"Thoaceae","Gnetales",NA
"Thomandersiaceae","Lamiales",380
"Thujaceae","Pinales",NA
"Thujopsidaceae","Pinales",NA
"Thunbergiaceae","Lamiales",NA
"Thurniaceae","Poales",97
"Thymelaeaceae","Malvales",252
"Ticodendraceae","Fagales",161
"Tiliaceae","Malvales",NA
"Tillaeaceae","Saxifragales",NA
"Tillandsiaceae","Poales",NA
"Tinaceae","Dipsacales",NA
"Tithymalaceae","Malpighiales",NA
"Tofieldiaceae","Alismatales",31
"Tormentillaceae","Rosales",NA
"Torreyaceae","Pinales",NA
"Torricelliaceae","Apiales",408
"Tovariaceae","Brassicales",267
"Tradescantiaceae","Commelinales",NA
"Tragiaceae","Malpighiales",NA
"Trapaceae","Myrtales",NA
"Trapellaceae","Lamiales",NA
"Tremandraceae","Oxalidales",NA
"Trewiaceae","Malpighiales",NA
"Tribelaceae","Escalloniales",NA
"Tribulaceae","Zygophyllales",NA
"Trichopodaceae","Dioscoreales",NA
"Tricyrtidaceae","Liliales",NA
"Trifoliaceae","Fabales",NA
"Triglochinaceae","Alismatales",NA
"Trigoniaceae","Malpighiales",193
"Trilliaceae","Liliales",NA
"Trimeniaceae","Austrobaileyales",6
"Triplobaceae","Malvales",NA
"Triplochitonaceae","Malvales",NA
"Triplostegiaceae","Dipsacales",NA
"Tristichaceae","Malpighiales",NA
"Triticaceae","Poales",NA
"Triuridaceae","Pandanales",47
"Trochodendraceae","Trochodendrales",119
"Tropaeolaceae","Brassicales",258
"Tulbaghiaceae","Asparagales",NA
"Tulipaceae","Liliales",NA
"Tumboaceae","Gnetales",NA
"Tupistraceae","Asparagales",NA
"Turneraceae","Malpighiales",NA
"Tussilagaceae","Asterales",NA
"Typhaceae","Poales",91
"Uapacaceae","Malpighiales",NA
"Ullucaceae","Caryophyllales",NA
"Ulmaceae","Rosales",152
"Ulmariaceae","Rosales",NA
"Umbelliferae","Apiales",NA
"Unisemataceae","Commelinales",NA
"Urticaceae","Rosales",155
"Utriculariaceae","Lamiales",NA
"Uvulariaceae","Liliales",NA
"Vacciniaceae","Ericales",NA
"Vahliaceae","unplacedasteridI",355
"Valerianaceae","Dipsacales",NA
"Vallisneriaceae","Alismatales",NA
"Vanillaceae","Asparagales",NA
"Velloziaceae","Pandanales",48
"Veratraceae","Liliales",NA
"Verbascaceae","Lamiales",NA
"Verbenaceae","Lamiales",382
"Vernicaceae","Sapindales",NA
"Vernoniaceae","Asterales",NA
"Veronicaceae","Lamiales",NA
"Viburnaceae","Dipsacales",NA
"Viciaceae","Fabales",NA
"Vincaceae","Gentianales",NA
"Violaceae","Malpighiales",202
"Viscaceae","Santalales",NA
"Vitaceae","Vitales",140
"Viticaceae","Lamiales",NA
"Vivianiaceae","Geraniales",216
"Vochysiaceae","Myrtales",221
"Wachendorfiaceae","Commelinales",NA
"Walleriaceae","Asparagales",NA
"Wellingtoniaceae","Sabiales",NA
"Wellstediaceae","Boraginales",NA
"Welwitschiaceae","Gnetales",NA
"Widdringtoniaceae","Pinales",NA
"Willughbieaceae","Gentianales",NA
"Winteraceae","Canellales",10
"Wolffiaceae","Alismatales",NA
"Xanthiaceae","Asterales",NA
"Xanthoceraceae","Sapindales",NA
"Xanthophyllaceae","Fabales",NA
"Xanthorrhoeaceae","Asparagales",73
"Xeranthemaceae","Asterales",NA
"Xeronemataceae","Asparagales",72
"Xerophyllaceae","Liliales",NA
"Ximeniaceae","Santalales",NA
"Xiphidiaceae","Commelinales",NA
"Xyridaceae","Poales",94
"Yuccaceae","Asparagales",NA
"Zamiaceae","Cycadales",NA
"Zannichelliaceae","Alismatales",NA
"Zanoniaceae","Cucurbitales",NA
"Zanthoxylaceae","Sapindales",NA
"Zeaceae","Poales",NA
"Zephyranthaceae","Asparagales",NA
"Zingiberaceae","Zingiberales",89
"Ziziphaceae","Rosales",NA
"Zosteraceae","Alismatales",38
"Zoysiaceae","Poales",NA
"Zygophyllaceae","Zygophyllales",142
"Guametalaceae",NA,231
"Ripogonaceae",NA,58
